protocol,feature_set,model,macro_f1_mean,macro_f1_std,acc_mean,acc_std,n_folds,n_seeds,n_classes,fit_s
P1,raw_signal,cnn1d,0.9358963741861966,0.029017787033171975,0.9281547846385308,0.026392265587861674,5,1,4,25.060072040557863
P1,F1,hgb,0.9033489444502576,0.03228106133155409,0.8914110412556362,0.02402616357603989,5,3,4,3.9085845947265625
P1,F1,rf,0.8942106428000757,0.035109566537066865,0.8913455144108267,0.019710621050974264,5,3,4,6.300689824422201
P1,F7,rf,0.8717779107978322,0.044509485064950234,0.862115379182049,0.028977676764533635,5,3,4,3.05060183207194
P1,F7,hgb,0.8430489524405818,0.07844509320533384,0.8615752507135827,0.029959734434646217,5,3,4,1.255934731165568
P1,F6,rf,0.8400012136424512,0.040043961555703216,0.8238341979830878,0.027541237337694983,5,3,4,3.5492042700449624
P1,F1,lr,0.8182297745271946,0.10358755365588078,0.8261694833036489,0.05247150509236076,5,3,4,2.294782511393229
P1,F6,hgb,0.8086475197865212,0.08856829910643738,0.8225295895929439,0.03137917625823986,5,3,4,2.1135337511698404
P1,F1,svm,0.7682056017346818,0.1373800460090511,0.8033565981125009,0.05410406080920512,5,3,4,1.6849236488342285
P1,F2,hgb,0.7681013673067577,0.1447934067736576,0.8394937389085512,0.0399061240713603,5,3,4,3.4217821756998696
P1,F2,vote,0.7643154477021102,0.1581378176814675,0.8340750209281751,0.044668318113915875,5,1,4,10.886599063873291
P1,F2,rf,0.744490177130006,0.13922736779022096,0.81995102451676,0.04009166628144084,5,3,4,5.483949613571167
P1,F7,svm,0.730445982873435,0.09205353610833455,0.7460679858912206,0.0598420156365777,5,3,4,0.9883091290791829
P1,F7,lr,0.7276776559620657,0.06562742049720974,0.6798713558952184,0.04234969804216915,5,3,4,0.056540012359619106
P1,F6,svm,0.7008182556669458,0.12883592659044227,0.6891868332090697,0.07459110442817209,5,3,4,1.559641695022583
P1,F3,vote,0.6908864368608748,0.0992013979880904,0.805980804607727,0.024022555122238214,5,1,4,11.056389904022216
P1,F3,lr,0.6869169154111919,0.1085735248080621,0.7726189011760188,0.030481438910971867,5,3,4,2.2220634619394937
P1,F3,hgb,0.6820115373576734,0.08935586475644723,0.8039552528320791,0.025673654749154184,5,3,4,4.087632544835409
P1,F3,svm,0.6789971172475582,0.1191874452040241,0.7759239831669366,0.029753911638350134,5,3,4,2.0132970968882242
P1,F3,mlp,0.6708539366724915,0.10873393902611746,0.7797615268047926,0.029438024478255533,5,1,4,7.193739318847657
P1,F3,rf,0.6620137437105953,0.09539904166371603,0.7975010343528837,0.032780106491093974,5,3,4,5.325087483723959
P1,F6,lr,0.6485389203801076,0.07325665495266526,0.6050265550935819,0.06434330180873123,5,3,4,0.08784923553466792
P1,F2,mlp,0.6474103663015227,0.11295993936746679,0.7397158840576823,0.03698389759817456,5,1,4,8.756861972808839
P1,F2,lr,0.5815790529223032,0.1225234549244922,0.6210104508291701,0.056331969667981575,5,3,4,1.6151795069376627
P1,F2,svm,0.5581118282059432,0.14850387948355206,0.6206703491396011,0.08383134967879141,5,3,4,2.3562255064646402
P2,F1,hgb,0.9567056001743106,0.016561426494798918,0.9443547838049761,0.021311964470944373,4,3,4,3.476348419984182
P2,raw_signal,cnn1d,0.9478078371638241,0.02513268918354295,0.9368159963181107,0.02665754246238565,4,1,4,23.196835219860077
P2,F7,rf,0.9169226047145499,0.012365178139959163,0.8974789572367854,0.018740990037968582,4,3,4,2.7889230052630105
P2,F1,rf,0.9159314246594406,0.053072257065980406,0.9187631174904568,0.02188002544236249,4,3,4,5.740697165330251
P2,F7,hgb,0.9157317688546858,0.040138629008099905,0.9122029783452829,0.028088976488891266,4,3,4,1.1902102828025818
P2,F1,lr,0.8634427647991085,0.028638087935106162,0.861344149540565,0.013369011241180326,4,3,4,1.8285537362098694
P2,F6,hgb,0.8330218434520756,0.11481974284940945,0.8594952730081369,0.02829253454830446,4,3,4,1.9197155435880024
P2,F6,rf,0.8285541758746002,0.12738196387631529,0.8436836495616938,0.05234342738174571,4,3,4,3.2272162437438965
P2,F1,svm,0.8108716472383507,0.09597172842989654,0.8475510594158736,0.009971577137015086,4,3,4,1.452229619026184
P2,F2,hgb,0.7847273512257283,0.12499462797438393,0.8731964624446542,0.014637319957149363,4,3,4,3.1065658132235208
P2,F2,vote,0.7787873047550282,0.1374971798919707,0.8652109773733561,0.012122801636315803,4,1,4,10.940479815006256
P2,F7,lr,0.7776428941253505,0.038921628336691196,0.7181585391047943,0.05163143846474894,4,3,4,0.10492237408955889
P2,F7,svm,0.7593133103061942,0.14266090398195694,0.771159593003692,0.05212686130039548,4,3,4,0.9148230155309042
P2,F2,rf,0.7489642400119726,0.11466111630507414,0.8500474909889394,0.012060310148964658,4,3,4,4.985121587912242
P2,F6,svm,0.7218572614351366,0.08420935689711176,0.7228405881565788,0.032583479795815565,4,3,4,1.3396479487419128
P2,F3,vote,0.6953100711607682,0.08936110498911007,0.8431927707661319,0.01799788419850087,4,1,4,10.3614661693573
P2,F3,hgb,0.6878395610346835,0.07787460099235459,0.8400300616492706,0.016676610658424684,4,3,4,3.643686135609945
P2,F6,lr,0.6798479673587807,0.034279255103806985,0.645402745106325,0.03449235850109376,4,3,4,0.07220941781997677
P2,F3,lr,0.673613641179953,0.06109273105361066,0.7972903431793745,0.020986453287013655,4,3,4,1.5919634501139324
P2,F3,svm,0.6614291549359875,0.08615594003944717,0.7893812496380708,0.013182986898891568,4,3,4,1.7319423755009968
P2,F2,mlp,0.6449060521852459,0.1273435676696997,0.7770793716751416,0.05003425416661503,4,1,4,7.434695303440094
P2,F3,rf,0.639019727458959,0.017526002259956992,0.8208697854796325,0.010954143283808023,4,3,4,4.886206130186717
P2,F3,mlp,0.6356634220718332,0.06414771737132874,0.785385677695923,0.012561072456709054,4,1,4,5.300746917724609
P2,F2,lr,0.5972612463025181,0.10826772371867482,0.6573760646589569,0.03569004685633374,4,3,4,1.310483733812968
P2,F2,svm,0.580869392891552,0.10347849464952928,0.6740167702371282,0.02213398567445642,4,3,4,2.001514971256256
P3,F3,vote,0.6750566570005874,0.11471897430715317,0.6900217406059809,0.12895692066802247,2,1,3,5.867505788803101
P3,F3,hgb,0.673354165942841,0.09476318617520883,0.6867088178005583,0.10498912245622556,2,3,3,2.1392236153284707
P3,F2,hgb,0.6671578668338962,0.03515334195571047,0.6794924586630247,0.046726422082717704,2,3,3,1.870559295018514
P3,F1,rf,0.6667816274292021,0.14196692080655,0.6697292742641549,0.14390749365823863,2,3,3,3.1636741161346436
P3,F3,rf,0.6630157269341438,0.09638102734321242,0.6777448457760765,0.10263925938993168,2,3,3,2.8566697438557944
P3,F2,vote,0.6627193633541483,0.04794498850221415,0.6797834989417653,0.06940332459910656,2,1,3,5.794265389442443
P3,F1,hgb,0.6589193251456233,0.11637427174707177,0.6574139168673782,0.12090572117535214,2,3,3,2.097439090410868
P3,F3,svm,0.6516811618940718,0.07202877842650494,0.6748131891638404,0.09106611263950955,2,3,3,0.8640870650609335
P3,F2,rf,0.6311409847483799,0.005056344412533566,0.6385497075542264,0.009631251302067108,2,3,3,2.937760670979818
P3,F7,rf,0.6237026527140815,0.07962329500204735,0.6286193721071659,0.07873604608960764,2,3,3,1.6488855679829915
P3,F3,mlp,0.6212343867013213,0.025936761297615504,0.6386657808620964,0.04592680992356608,2,1,3,2.488524079322815
P3,F3,lr,0.6183532768178799,0.08551750610518988,0.634368257481175,0.10203909234624113,2,3,3,0.6629385948181151
P3,F7,hgb,0.6122372948538326,0.09117909238964819,0.6161156098373671,0.08674435898291973,2,3,3,0.7627009948094686
P3,F1,svm,0.6054854326285423,0.06290645396229728,0.613086939798884,0.07291539575013511,2,3,3,0.7703621784845988
P3,F1,lr,0.5589380876494596,0.016500467724217892,0.5561512339902136,0.015685201718977318,2,3,3,0.8457002639770508
P3,F6,svm,0.55493226989496,0.060504943195051536,0.5846515846783233,0.057989621202997665,2,3,3,0.721565047899882
P3,F2,mlp,0.5287166115000468,0.036539849068174056,0.5275429001598151,0.03223370347507743,2,1,3,3.5178762674331665
P3,F2,svm,0.5084150708258504,0.015713703582360877,0.5127801305533329,0.011813963834548793,2,3,3,0.980215271313985
P3,F6,lr,0.5064327026249372,0.10372205528219058,0.5071653499579379,0.08993209487202539,2,3,3,0.04804201920827225
P3,F7,lr,0.49443796122247213,0.02598253441564685,0.4780257390674782,0.04136103088062038,2,3,3,0.03129537900288893
P3,F2,lr,0.4700825224678324,0.01868219984818538,0.4710804690376336,0.01918139183710376,2,3,3,0.6194212039311727
P3,F6,hgb,0.4475970208600795,0.05740479876074782,0.5235150261113523,0.09407786391072659,2,3,3,1.1486923297246296
P3,F7,svm,0.44092670241458887,0.06776103962766468,0.43892144380660114,0.05734884359203936,2,3,3,0.47518257300059
P3,F6,rf,0.43997162934558537,0.0663843460554174,0.5358275725183931,0.09875941161109714,2,3,3,1.8360300064086914
P4,F3,hgb,0.4971702639817071,0.011457141347748716,0.49409521838763326,0.00295481961256512,2,3,3,1.7067307631174724
P4,F3,rf,0.4622227977501916,0.06963331129364977,0.526961873813666,0.07164494788333602,2,3,3,2.0633344650268555
P4,F3,svm,0.449216592659846,0.02156917964409277,0.47564640031473776,0.026554953995989283,2,3,3,0.318159023920695
P4,F1,svm,0.4285185821487644,0.07047040985866446,0.4354664990790344,0.0773390496738405,2,3,3,0.27404749393463135
P4,F3,lr,0.3597423907210773,0.008611085953433356,0.35454766667433074,0.03089547465193745,2,3,3,0.3168195486068725
P4,F1,rf,0.3597003467698081,0.11512218297129667,0.4558068731366733,0.1505386149180093,2,3,3,2.1303885777791343
P4,F2,rf,0.3523163281414894,0.02518036763297049,0.47561401962512484,0.04871339248785489,2,3,3,2.0548654397328696
P4,F2,lr,0.3460217053497929,0.08678465512999638,0.33862613907218786,0.07176026468657261,2,3,3,0.2521340052286784
P4,F2,svm,0.33163523518257293,0.05261884983114991,0.35402785122510133,0.013277478487367014,2,3,3,0.36756432056427
P4,F2,hgb,0.30358462505662026,0.030727205741190894,0.37317920891484446,0.04718266367846407,2,3,3,1.4366105397542317
P4,F1,lr,0.28752594394195824,0.023494109474964536,0.2928160853470673,0.027467354980675457,2,3,3,0.23277461528778076
P4,F6,hgb,0.27934673779630065,0.0004879366072184489,0.32359517623525624,0.0452825371013543,2,3,3,0.8091022570927938
P4,F7,rf,0.277958484173142,0.17715311168479614,0.3275686125736708,0.1308305356154853,2,3,3,1.1460646788279216
P4,F6,lr,0.2768438492867719,0.03862717768981491,0.3339564221062392,0.08077962172529612,2,3,3,0.0297081073125203
P4,F1,hgb,0.273210717000767,0.1414200352351728,0.35166521049364263,0.09711928304214393,2,3,3,1.8452719847361247
P4,F6,rf,0.2495605965032989,0.03288337580256595,0.32298428610478824,0.03982987686884223,2,3,3,1.3580782413482666
P4,F6,svm,0.23362233421844902,0.0674455727919758,0.29820405327038574,0.08561139411391683,2,3,3,0.2425488233566284
P4,F7,lr,0.22357271924019925,0.06189857258066485,0.23635048551874246,0.060433176319524606,2,3,3,0.01886208852132157
P4,F7,hgb,0.2175361784557582,0.10346838628780124,0.26404747124058275,0.04173981794803087,2,3,3,0.6480523745218912
P4,F7,svm,0.20825538618338876,0.05417302477855441,0.25001666934909067,0.050717578652759825,2,3,3,0.1267230113347371
P5,F7,rf,0.8914063265939759,0.07853381590859036,0.88062011339024,0.09370054099627831,5,3,4,0.6173649470011393
P5,F1,rf,0.8890861053182054,0.076865815474463,0.8825061337857221,0.0863727464195474,5,3,4,0.9948390483856201
P5,F1,hgb,0.8858818003864825,0.07497896235909159,0.8768908096597153,0.08644773715191076,5,3,4,1.5294052441914876
P5,F7,lr,0.8469547886513631,0.17271450474480352,0.8762181690303652,0.11243769928098195,5,3,4,0.022722800572713166
P5,F2,hgb,0.8227194148716676,0.13167783179677545,0.8508054867860669,0.10106347165757135,5,3,4,1.1110149065653483
P5,F6,hgb,0.8172355923469842,0.1069151987035423,0.8018240940951624,0.12681637859079983,5,3,4,0.7071778138478597
P5,F6,rf,0.7994266818612231,0.10268697669277482,0.7859550180338721,0.11877524170894327,5,3,4,0.6892219384511312
P5,F1,svm,0.7803219008888576,0.16090514598849986,0.8085564838926432,0.11210074079276869,5,3,4,0.06670866012573239
P5,F1,lr,0.7784049348322516,0.16906988572540138,0.8224027670822065,0.11670179486247821,5,3,4,0.048180548350016235
P5,F7,svm,0.7725496717731344,0.1950599266376133,0.8388835431541577,0.12918988806149995,5,3,4,0.032107988993326786
P5,F7,hgb,0.7670178961145312,0.2260997380818333,0.8216725738781319,0.16177058262766109,5,3,4,0.5592350641886393
P5,F2,rf,0.7363947769284184,0.12866015531280797,0.7854820883663203,0.09820075323651309,5,3,4,1.0064952055613199
P5,F6,svm,0.7148385139555617,0.10619330962826899,0.7047123524591202,0.11608525451675407,5,3,4,0.06809496879577634
P5,F6,lr,0.714297995603446,0.11437548344318327,0.704975611699695,0.11168259752361565,5,3,4,0.030237166086832634
P5,F3,lr,0.7056402090777236,0.1402541839213313,0.7659088137972812,0.11147158094240016,5,3,4,0.1814860979715983
P5,F3,rf,0.66631078518659,0.17396999096361362,0.7367761838047947,0.14342278068439623,5,3,4,0.924323574701945
P5,F3,svm,0.6634842739994714,0.17339661267407666,0.7362591077582117,0.1299350879161258,5,3,4,0.0872205257415771
P5,F3,hgb,0.6387235465782376,0.19258879922752897,0.7233883376496976,0.16134788991265134,5,3,4,1.2931841214497883
P5,F2,lr,0.5984777796057789,0.200913243915964,0.6878791083314468,0.16176731365750524,5,3,4,0.11822934150695796
P5,F2,svm,0.5720486029297177,0.19857228801748555,0.6526281238140821,0.1686937755124251,5,3,4,0.10754513740539548
