file_id,pred,B,IR,OR,N
A,OR,5.304925662396817e-07,2.5591503554303347e-06,0.9999965376904595,3.7266661891715984e-07
A,OR,7.717891849501994e-08,2.1239398550195566e-07,0.9999996948179398,1.5609156004556185e-08
A,OR,9.505479980412123e-07,2.006454581630107e-06,0.9999969955823398,4.741508053084737e-08
A,OR,2.6662685297555536e-05,2.7907355403652715e-06,0.9999703024049817,2.4417418045961656e-07
A,OR,1.4820106721202457e-07,8.45174151721025e-07,0.9999989650104008,4.161438032046816e-08
A,OR,0.0013824018435795954,4.379574368332427e-06,0.9986121222575098,1.0963245423327705e-06
A,OR,2.192388190855243e-08,8.841933105494596e-08,0.9999998759084859,1.3748301146977329e-08
A,OR,0.04237861792401039,7.012482411648134e-05,0.9575280993790722,2.3157872800855656e-05
A,OR,2.9507735064781103e-06,7.13400996560846e-07,0.9999962496242589,8.620123825761433e-08
A,OR,5.356023696272164e-05,1.9290977545939408e-06,0.9999438894297723,6.212355104284601e-07
A,OR,1.0932594589847235e-06,5.9357828251519346e-08,0.9999987304642998,1.1691841302651476e-07
A,OR,1.5611153480363222e-07,3.511528653059335e-08,0.9999997829262177,2.584696094073188e-08
A,OR,0.18205361513002244,0.00014486932057610554,0.8177506043154731,5.091123392832759e-05
A,OR,3.688461210128496e-05,1.1431546538860857e-06,0.9999618914100951,8.082314977640073e-08
A,OR,6.123194759593584e-09,4.4041184818370856e-09,0.9999999861843014,3.2883852242836303e-09
A,OR,1.6073301473084615e-05,2.337945035626934e-05,0.9999583120610374,2.235187133259677e-06
A,OR,1.354441899479857e-06,7.877078406442065e-07,0.999997828385797,2.9464462822579904e-08
A,OR,2.0308090236323604e-06,1.54349257893963e-06,0.9999962002442366,2.2545416092498047e-07
A,OR,1.0965069732088374e-05,6.39227243466095e-06,0.9999820587539581,5.839038752251904e-07
A,OR,2.868311768937897e-06,2.8004965344384493e-07,0.9999968125048703,3.913370740093407e-08
A,OR,5.969583603312875e-07,9.182768307248437e-07,0.9999984118588559,7.290595313930674e-08
A,OR,0.002492541006120219,4.5174441996329726e-05,0.9974474449846487,1.4839567234937785e-05
A,B,0.9792611499599788,1.7383357547703924e-05,0.020713932414670903,7.534267802555151e-06
A,OR,0.00018500202735114796,7.984128043559434e-06,0.999806080549135,9.332954704077716e-07
A,OR,3.4523545160691276e-06,3.774250294801169e-05,0.9999583749575297,4.3018500624208615e-07
A,OR,1.2897752922738823e-05,2.4107504012516515e-07,0.9999867742153427,8.695669469046308e-08
A,OR,1.7884521148943865e-05,1.3479801618985785e-06,0.9999805515368478,2.1596184124521907e-07
A,OR,3.926355391706122e-06,0.0007154804096627,0.9992801245425482,4.686923972766322e-07
A,OR,0.00010487687435186863,0.00012003071387965414,0.9997749139572442,1.7845452432589316e-07
A,OR,1.674795987142499e-06,1.1392869206426295e-06,0.9999971434302345,4.248685776206766e-08
A,OR,3.9707921940096414e-05,3.7255943717937554e-06,0.9999557132314615,8.532522265473416e-07
B,B,0.9992390570781791,0.00016263658428019158,0.0005975888044269516,7.175331136723725e-07
B,B,0.5921772627509863,0.40732422615217967,0.0004425914211566863,5.591967567741311e-05
B,B,0.8535779702875335,0.1444228253729862,0.001992379466365861,6.8248731145577155e-06
B,B,0.7568183502773241,0.1306382007919321,0.11252695342212236,1.6495508621446752e-05
B,B,0.9957787762839909,0.003549955458894592,0.0006691947284265942,2.073528687889065e-06
B,IR,0.2548919964930052,0.7118776971765602,0.03318517246178969,4.513386864484574e-05
B,IR,0.21221816229725132,0.7876995128691027,8.152889115834731e-05,7.959424877867276e-07
B,B,0.9839745548174799,0.013010833006156552,0.002897685748112209,0.00011692642825126587
B,IR,0.3382987354411903,0.639575863006835,0.02207354918742489,5.1852364549660374e-05
B,B,0.9720078930522106,0.014417509789358176,0.01356586127112902,8.735887301993526e-06
B,B,0.9947336104475288,0.00021433110262668257,0.005048269705661012,3.788744183550652e-06
B,B,0.6464678168099591,0.3002078323863357,0.05329210037912672,3.225042457847865e-05
B,IR,0.35606476804005066,0.3760162518428254,0.2678664903934932,5.2489723630648714e-05
B,B,0.9905345635202318,0.007539700625528175,0.001922265524943411,3.4703292965450107e-06
B,B,0.813174858915696,0.046843952758745484,0.13989171412771745,8.947419784128039e-05
B,OR,0.29767552361415456,0.01706450171635958,0.6852463362340857,1.3638435400098332e-05
B,B,0.9973215463053219,0.002671591401179891,3.727722806568377e-06,3.134570691762555e-06
B,B,0.971474484883777,0.02327499777909674,0.005226387932694636,2.4129404431452912e-05
B,B,0.7273648390512224,0.020505061005634772,0.2520916506175103,3.844932563256004e-05
B,IR,0.011020191842030812,0.8817461104971402,0.10721532076262945,1.8376898199350652e-05
B,B,0.5746553314174169,0.4164469837734925,0.008840927058611945,5.675775047864349e-05
B,B,0.994736806125749,0.004991020829752545,0.00027029480372472157,1.87824077380524e-06
B,B,0.7492184892011796,0.0017255889899354248,0.24900171925051542,5.420255836950671e-05
B,B,0.7067895425810794,0.2880550163222521,0.005131544516615372,2.389658005319563e-05
B,B,0.5080326680204919,0.05287051218486832,0.43908741113873523,9.40865590467207e-06
B,B,0.9860278910753356,0.01392348838602869,4.749356517050906e-05,1.1269734653685315e-06
B,B,0.43200747727884575,0.4297923754414876,0.13772214197348223,0.00047800530618444855
B,OR,0.12552455502278057,0.3277166610038483,0.5465810667621591,0.00017771721121213711
B,B,0.9894001409026084,0.0076024301933957025,0.0029833149725663225,1.4113931429387662e-05
B,B,0.9511045692955636,0.023996158996934268,0.024878047730231233,2.1223977270928522e-05
B,IR,0.3736931908871205,0.5529365905962859,0.07332196301603976,4.8255500553844824e-05
C,OR,4.336035205995419e-07,4.036185815992804e-07,0.9999991440669501,1.871094760910413e-08
C,OR,5.6295164560022055e-08,2.5307026813333045e-07,0.9999996873753876,3.25917959939256e-09
C,OR,4.005930690779945e-08,1.415965303524493e-07,0.9999998162865331,2.057629734170412e-09
C,OR,1.150320460128255e-07,1.085707881893831e-06,0.9999987825775098,1.6682562248378817e-08
C,OR,3.156932587377615e-07,1.0149162388301868e-06,0.9999986570104815,1.2380020994516897e-08
C,OR,3.3937484891295277e-07,1.8690804961419795e-07,0.9999994368156765,3.690142496845575e-08
C,OR,6.221027971040701e-07,1.0130532933354628e-07,0.9999992387476442,3.7844229339117053e-08
C,OR,2.4489108602192337e-07,8.628622013433021e-08,0.9999996595347276,9.287966249228363e-09
C,OR,9.137740717937198e-08,1.4396496315084543e-07,0.9999997609000447,3.7575850002565655e-09
C,OR,3.545703031924847e-08,9.692286515261793e-08,0.9999998631135428,4.506561603236269e-09
C,OR,8.271087666968944e-08,1.8883864909780844e-07,0.9999997211407476,7.309726565305266e-09
C,OR,3.6211903056866376e-06,6.930762584551859e-07,0.999995623172981,6.256045471386612e-08
C,OR,4.427199180169141e-08,2.6500728533022285e-07,0.9999996876667957,3.0539272496045927e-09
C,OR,1.3938750423448077e-07,1.507366904073237e-07,0.9999996987049102,1.1170895112924344e-08
C,OR,2.296046726476067e-07,6.240541454963043e-07,0.9999991367465533,9.594628645502426e-09
C,OR,2.84393836307803e-08,1.6149957064632223e-07,0.9999998032550682,6.805977493746655e-09
C,OR,5.9493887705135086e-08,2.618352236451404e-07,0.999999668621932,1.0048956617839122e-08
C,OR,2.445963078748605e-07,1.9969311352359782e-08,0.9999997331326785,2.3017021858817598e-09
C,OR,6.016764843074909e-07,1.7870776166137024e-06,0.9999975218815624,8.936433681869271e-08
C,OR,3.46767644670868e-08,8.735061231307931e-08,0.9999998694672406,8.505382540783637e-09
C,OR,1.3960561869169156e-07,1.417865562622275e-06,0.9999984312745944,1.1254224295832677e-08
C,OR,1.5672334096845328e-07,3.0709279027472316e-07,0.9999995065215365,2.9662332182286848e-08
C,OR,3.359018220071344e-08,2.1923280307991933e-08,0.9999999429456902,1.5408473808637954e-09
C,OR,5.857204562898327e-08,7.143194384045826e-08,0.9999998634245137,6.571496877963142e-09
C,OR,3.736069998385079e-07,1.971645439288086e-07,0.9999993864379676,4.2790488588381906e-08
C,OR,5.467545916813696e-08,5.749233513330601e-08,0.9999998812529193,6.579286262337694e-09
C,OR,1.247473796689979e-08,1.810534741559403e-08,0.9999999687127595,7.071551902469657e-10
C,OR,3.496160527544114e-08,3.4998618861585623e-07,0.9999996106954628,4.356743296474556e-09
C,OR,1.319152771036458e-07,5.893529042415259e-08,0.9999997920810738,1.706835860685567e-08
C,OR,3.1326993585872044e-08,1.0152148072688079e-07,0.9999998592730208,7.87850484357782e-09
C,OR,2.8909344347226407e-07,7.60845677493876e-08,0.9999996276385527,7.18343594834994e-09
D,OR,0.026708681837120246,0.00043021339512544537,0.9727491476495838,0.00011195711817044022
D,B,0.6353991480504032,5.875879446126422e-05,0.36450538032592306,3.671282921248895e-05
D,OR,0.07212171449045982,5.46187457414623e-06,0.9278382672198278,3.455641513824991e-05
D,OR,2.525832336322272e-07,4.477993930119525e-08,0.9999996426133733,6.00234538521513e-08
D,OR,1.1228813770634756e-07,2.7856519032088224e-07,0.9999995655547542,4.359191769149027e-08
D,B,0.9513514786908556,6.603200262127269e-05,0.04838715346026286,0.00019533584626043574
D,OR,6.2854289174293015e-06,4.622177535814686e-07,0.9999917324470583,1.5199062708265487e-06
D,OR,0.0037156179553572413,5.477766410141767e-07,0.9962812075525462,2.626715455574616e-06
D,OR,1.8117116268111827e-06,2.573148520410444e-07,0.9999977634341384,1.6753938258392385e-07
D,OR,0.12925103812283895,1.9123440833798877e-05,0.8707150641272164,1.4774309110799619e-05
D,OR,0.3477375694936921,1.8082407181732305e-05,0.6521819522019691,6.239589715716646e-05
D,OR,2.1962373718491056e-06,1.1263581355750011e-06,0.9999965215809601,1.5582353241841318e-07
D,OR,0.038748401340108166,3.4852165177564204e-05,0.9611709644533838,4.578204133028573e-05
D,OR,3.3054643736316623e-06,4.3719221585404156e-07,0.9999962213191781,3.6024232475236994e-08
D,OR,5.529253565961775e-07,6.660341020298026e-07,0.9999987379211511,4.311939035513964e-08
D,OR,4.7475864518567217e-07,1.788163560604764e-08,0.9999994770182452,3.0341474225153175e-08
D,B,0.8024420489218815,2.6417742096967886e-05,0.19750722795852832,2.4305377493120715e-05
D,OR,0.19288536073693055,1.4229094052422814e-06,0.8070649677247975,4.8248628866720786e-05
D,B,0.8263842109460496,5.4561814829834575e-05,0.17353260152906927,2.862571005138334e-05
D,B,0.9983263885181336,2.9340726481834824e-05,0.0016349012659246165,9.369489460094464e-06
D,OR,0.00012382854221634537,3.915022580180474e-06,0.9998718367366727,4.196985306937392e-07
D,OR,9.396523855970171e-08,2.753082100283271e-07,0.9999996212928082,9.433743316206352e-09
D,B,0.6165298124718628,0.0001456343641641394,0.3833020965603919,2.245660358130378e-05
D,OR,0.40139870723990995,0.000642584267226384,0.5956927759356355,0.002265932557228265
D,OR,1.4590292750933278e-07,7.381224026708987e-08,0.9999997634085931,1.687623907757971e-08
D,OR,3.6203881923557e-05,2.6301798886138047e-06,0.9999591010332596,2.064904928199157e-06
D,OR,4.843278772792908e-08,2.3049558198067557e-08,0.999999840154165,8.836348902144458e-08
D,B,0.6913576123986286,0.00025528431614393426,0.3076257865174252,0.0007613167678022484
D,OR,0.0007847578744722536,3.0228187814261663e-06,0.9992102085863162,2.0107204301186044e-06
D,OR,1.618786442987989e-06,3.101293125123877e-06,0.9999951594546608,1.2046577107824303e-07
D,OR,5.787726981121978e-05,7.25884142530406e-06,0.9999344894502828,3.7443848057894443e-07
E,OR,1.704493497492441e-07,2.80718058755989e-06,0.9999970151673315,7.202731055859818e-09
E,OR,5.378353089366339e-08,1.1955004333997878e-07,0.9999998203624617,6.303964026677138e-09
E,OR,1.1042561697801974e-08,9.224053314253523e-07,0.9999990650807121,1.4713946566984545e-09
E,OR,3.962933690668715e-08,1.3748676691309627e-05,0.9999862072684313,4.425540390550688e-09
E,OR,1.9852540534291854e-07,1.6779326985995714e-05,0.9999828482214773,1.7392613122744168e-07
E,OR,9.437896977423186e-07,1.0702964419173833e-05,0.9999876714554372,6.81790445775973e-07
E,OR,2.2628286781897277e-07,1.4368620673796002e-05,0.9999852630821139,1.42014344366515e-07
E,OR,3.0209056811619496e-06,3.4571003107975166e-05,0.999961108610293,1.299480917893928e-06
E,OR,2.205295021562519e-07,1.2426006576720347e-05,0.9999873441160074,9.347913616393808e-09
E,OR,6.750429451362442e-08,2.9991702404509405e-06,0.999996927650284,5.675180863904029e-09
E,OR,5.511201976537999e-06,4.7965820041595784e-05,0.9999448854798207,1.63749816098837e-06
E,OR,2.9923699124131727e-07,1.5290386877921454e-05,0.9999841185570446,2.918190861232111e-07
E,OR,1.1809711470867784e-06,3.5108529573482183e-06,0.999994487565309,8.206105866760698e-07
E,OR,2.71364073020055e-07,4.548635551582715e-06,0.9999951582971244,2.1703251239555694e-08
E,OR,1.920299237624855e-06,4.562818507884741e-05,0.999952416201995,3.53136886097525e-08
E,OR,7.524202299339577e-08,1.0165174563827062e-05,0.999989750635978,8.947435319837191e-09
E,OR,5.443705947304269e-06,2.0407154157719396e-05,0.9999735537804589,5.953594361441131e-07
E,OR,3.3534821316169295e-06,2.181439983576535e-05,0.9999725300751339,2.3020428988337397e-06
E,OR,8.425321850131551e-07,2.022069552351881e-06,0.9999967120480768,4.233501857846276e-07
E,OR,3.4537187607714517e-06,1.2789302710276849e-05,0.9999831731513203,5.838272085757296e-07
E,OR,8.900819031727096e-08,2.512877387939447e-06,0.9999973880111024,1.0103319329097564e-08
E,OR,1.6605335138672611e-07,1.465430674047619e-07,0.9999996809546768,6.4489044431972084e-09
E,OR,4.0956912598229174e-08,4.364079125797273e-06,0.999995591238508,3.725453575683982e-09
E,OR,6.890847201658348e-07,8.04170720181643e-07,0.9999983425908686,1.6415369105842518e-07
E,OR,2.439763664049659e-06,1.473607342242186e-05,0.9999812555466783,1.568616235340067e-06
E,OR,1.5390225375817052e-07,1.2295377915245576e-06,0.999998607608971,8.95098371780402e-09
E,OR,8.396907118235538e-08,3.398186773145891e-06,0.9999965095726999,8.271455734179743e-09
E,OR,4.9009913873858794e-08,2.725906474200698e-06,0.9999972144477278,1.0635884035051876e-08
E,OR,4.00535283698409e-06,1.2502824620893372e-05,0.9999822853852781,1.206437263845553e-06
E,OR,2.0209724026509654e-05,5.474651034172881e-06,0.9999731859404664,1.1296844731019839e-06
E,OR,4.36610607509971e-07,1.3100230407387592e-06,0.9999982278881143,2.547823748995786e-08
F,OR,3.680996451258516e-09,3.6417428614206664e-08,0.9999999486068087,1.1294766259802873e-08
F,OR,5.333262386110679e-09,2.0670037740746563e-08,0.9999999674777318,6.5189681456787466e-09
F,OR,3.337087350380272e-06,5.840692352776898e-07,0.9999959083224743,1.7052093999590988e-07
F,OR,5.600470045664538e-07,9.155757668692304e-08,0.9999993347046846,1.3690734021244866e-08
F,OR,0.00031177301509296453,1.4213367198885752e-06,0.9996804389580063,6.366690180892967e-06
F,OR,5.213561187343551e-08,1.707720243766208e-08,0.9999998905116689,4.027551682008858e-08
F,OR,6.754428079293406e-05,2.406543972496951e-07,0.9999315687053207,6.46359488883548e-07
F,OR,0.002189896402108419,0.00014093839578643405,0.9976657573682504,3.4078338547886173e-06
F,OR,1.2264763100663599e-07,6.131915225350204e-07,0.9999992451983533,1.896249330908126e-08
F,OR,0.0003517694436071639,6.077654952436763e-06,0.9996408050561966,1.3478452438695631e-06
F,OR,1.15643811127034e-07,2.6807371962808096e-08,0.9999997696988265,8.784999030112608e-08
F,OR,5.1393043243200185e-06,2.375059650354231e-06,0.9999914725722479,1.0130637775626631e-06
F,OR,5.579108828002653e-08,4.0361142947651955e-07,0.9999994778907827,6.270669943659652e-08
F,OR,7.4208089104090764e-09,4.932663666689647e-08,0.9999999378947612,5.357793258990886e-09
F,OR,0.00011399078455519659,6.352616770927698e-06,0.9998789819113156,6.746873582058664e-07
F,OR,0.3987327664493029,0.00013570209400800228,0.5999580643990127,0.001173467057676419
F,OR,0.007072145541797266,1.996328453242621e-06,0.9927812265469379,0.00014463158281147447
F,OR,1.9502711452739694e-06,8.482030209258221e-07,0.9999950339311844,2.1675946494000102e-06
F,OR,3.29035943648406e-05,3.077984102414463e-07,0.9999665649485808,2.2365864417318675e-07
F,OR,7.199655456437932e-07,7.457806455053703e-08,0.9999991864029585,1.9053431218366348e-08
F,OR,1.085313031937303e-07,1.8051248021202536e-07,0.9999995896861784,1.212700383188965e-07
F,OR,0.000690576793601523,4.270454693220775e-07,0.9993080763229386,9.198379906075197e-07
F,B,0.9034713344431456,8.441214910340817e-05,0.09641563905421029,2.861435354063234e-05
F,OR,5.2619310845633795e-06,6.148452405140875e-07,0.9999940810527863,4.217088884301944e-08
F,OR,0.0012882004785256757,3.6252752699281162e-06,0.9986966981497573,1.1476096447091927e-05
F,OR,8.570457443410437e-08,3.746648063878758e-07,0.9999994933226091,4.630801021914379e-08
F,OR,3.4644090480104905e-06,6.024511043958671e-07,0.9999955967759122,3.3636393527515776e-07
F,OR,0.020500859522881908,0.0002475321378778291,0.979240335557998,1.1272781242207035e-05
F,OR,6.92512034936829e-06,3.407486891209331e-06,0.9999891998173186,4.6757544083807995e-07
F,OR,0.0023776792447890273,3.7620132336878308e-06,0.9976132783086227,5.280433354593503e-06
F,OR,0.0002720702793141905,8.552183694877578e-07,0.9997264833320989,5.911702172952031e-07
G,B,0.7127770994852538,0.28168678035685774,0.005524232045007892,1.1888112880569082e-05
G,B,0.9999553682345912,4.173705406394528e-05,2.316359479909223e-06,5.783518648267781e-07
G,IR,0.3166390215151906,0.6108571221731196,0.07218345809793758,0.0003203982137521124
G,OR,0.0014247472933604578,0.06268948926063128,0.9358840769521222,1.6864938859759588e-06
G,B,0.9963111332253276,0.003654807014926748,3.149616754369587e-05,2.5635922020006744e-06
G,B,0.5913279599912001,0.14243990719969035,0.2661617195169347,7.041329217480957e-05
G,OR,0.28846923605715796,0.11449404868075705,0.5969006499273413,0.0001360653347438676
G,B,0.6457164478549087,0.3475250872415263,0.006732079304822611,2.638559874237838e-05
G,B,0.9945601959828521,0.0029661412143246503,0.0024716692624510346,1.99354037217273e-06
G,OR,0.0003633770667591312,0.010712533850284181,0.9889232071255758,8.819573809167734e-07
G,OR,0.0002658101623273435,0.0003031178375642796,0.9994282111293034,2.8608708051087928e-06
G,B,0.9841493325972284,0.003753017615897802,0.012092329953101291,5.319833772522364e-06
G,B,0.9926161316662809,0.0004367164565005233,0.006940302655049519,6.84922216892068e-06
G,OR,0.15941700784209556,0.000297250037208056,0.8402827779575354,2.96416316105229e-06
G,OR,0.006094342933223383,0.4777175090638339,0.5161832309213492,4.9170815933509354e-06
G,IR,0.021777870079068305,0.9751365380998904,0.003012353539890338,7.323828115106375e-05
G,B,0.984807479633319,0.009069971108421032,0.006092677154296829,2.9872103963024267e-05
G,B,0.615233742350562,0.007416045458536717,0.37714481394369337,0.00020539824720787662
G,B,0.5609631680664047,0.18543710379092393,0.25331818841880044,0.00028153972387098234
G,B,0.5946326120018259,0.315863889452688,0.08949882266418628,4.675881299894909e-06
G,B,0.9562417933447779,0.01247547572061654,0.031274598132329405,8.132802276261759e-06
G,IR,0.052483871506409464,0.8514295363490005,0.09608347224538587,3.119899204217426e-06
G,IR,0.34294582186771755,0.6316453252937606,0.025404946789435202,3.906049086566115e-06
G,B,0.9253772909941815,0.07443758931231381,0.00018080201322840249,4.3176802761211784e-06
G,B,0.9215375879127804,0.060657750050615224,0.017739645090934616,6.501694566990128e-05
G,B,0.9977341314344776,0.0007974054663717882,0.00146073825562613,7.724843524370293e-06
G,B,0.5084849432086546,0.1743472766973509,0.3170961667656844,7.161332831017997e-05
G,IR,0.20921191826661542,0.742421395187246,0.04834967320599369,1.7013340145017934e-05
G,B,0.9748539455515091,0.016853290892297004,0.008246831563380195,4.593199281389736e-05
G,B,0.9889934541723235,0.009209062369854,0.0017819176217785644,1.556583604386907e-05
G,B,0.9999128662424578,2.10324467635014e-05,6.538791266262432e-05,7.133981161590463e-07
H,IR,0.0024710291700523247,0.9706092242766086,0.02612865207500822,0.0007910944783307871
H,IR,4.6000573482169976e-05,0.9409269035377049,0.05899553189871356,3.156399009928487e-05
H,IR,3.427984773531661e-05,0.9928814306214163,0.007065624651166824,1.866487968145044e-05
H,IR,1.4358472853779825e-06,0.9980428847487429,0.001953533591018537,2.145812953120519e-06
H,OR,0.0003345916647516979,0.36053955617314504,0.6388280454760191,0.00029780668608427003
H,IR,5.668336539892963e-07,0.9986917601395675,0.0013065577127546477,1.1153140237224065e-06
H,IR,3.3194572811945026e-06,0.9983706991946653,0.001623693510348952,2.287837704429702e-06
H,IR,6.567054205940884e-06,0.9980242153966655,0.0019595032303432298,9.714318785237793e-06
H,IR,1.7729536013226557e-05,0.9891738506139873,0.010798496670748906,9.923179250468482e-06
H,IR,0.00010120580962207379,0.9628483359840304,0.03699835869348521,5.209951286238842e-05
H,IR,7.5725470395830644e-06,0.9898820168003204,0.010107206493462776,3.2041591773146166e-06
H,IR,1.0244528698859314e-05,0.9967912111265885,0.0031943206833410756,4.223661371385974e-06
H,IR,7.1898495698877675e-06,0.9953095667441381,0.004673483482124314,9.759924167706959e-06
H,IR,0.0004088499930855182,0.951695658131845,0.047826830786949645,6.866108811986466e-05
H,IR,1.9541399202872136e-05,0.999823527321057,0.0001537596302405413,3.1716494995241693e-06
H,IR,1.300912553558975e-05,0.9992459541040485,0.0007384759369653764,2.560833450705842e-06
H,IR,1.7286985807123816e-05,0.9976556707521621,0.0023249432659448676,2.0989960856607745e-06
H,IR,3.391699638789874e-06,0.9991128794038172,0.0008829753049525978,7.535915913028391e-07
H,IR,2.6483808208239578e-05,0.9873474636784378,0.012604925513363585,2.1126999990254126e-05
H,IR,0.0002471607362298389,0.9005492731449131,0.0991696402450998,3.392587375743836e-05
H,IR,0.00010607080418371793,0.9964528407755516,0.0034258998568209784,1.5188563443816295e-05
H,IR,8.062277529924845e-06,0.99964828967109,0.000341890115996987,1.7579353831455322e-06
H,IR,1.1355008028439191e-05,0.993993922742482,0.005990863249985073,3.858999504556359e-06
H,IR,9.288527138041677e-06,0.9989972047367965,0.0009915728568833761,1.9338791820727045e-06
H,IR,0.001159917130804703,0.9130784085696922,0.08565903732327813,0.00010263697622495459
H,IR,1.758950051097727e-06,0.9991914378627307,0.0008059624582488269,8.407289693305156e-07
H,IR,4.1033584192162566e-05,0.9947869906273389,0.0051411877771985115,3.078801127038835e-05
H,IR,2.9990689166462206e-06,0.9995475111231351,0.00044728482417566933,2.2049837726468143e-06
H,IR,0.0007636461675050177,0.7582119851372605,0.24093684121137843,8.752748385598507e-05
H,IR,3.2733527471933455e-06,0.9968069041329821,0.00318828426759844,1.5382466721990028e-06
H,IR,8.681172118172344e-06,0.9914146787562975,0.008570642195232838,5.997876351409084e-06
I,OR,0.00017931014881200882,1.0753994025177632e-05,0.9998078940136139,2.0418435489676416e-06
I,OR,8.619188715356112e-05,0.0004409212443879094,0.9994638882219335,8.998646525027854e-06
I,OR,2.0642019470463422e-05,2.39996834207619e-05,0.999952486931878,2.871365230799678e-06
I,OR,0.0006440290115455629,0.00010988272073337103,0.9990741679299222,0.0001719203377988166
I,OR,0.005574998912289772,0.00047477478833584367,0.9922950928516353,0.001655133447739211
I,OR,0.0001704134318282579,8.515805574289762e-06,0.9998186867790161,2.3839835815007206e-06
I,OR,0.0039644194402705685,0.009064660167810799,0.9869164946456015,5.442574631713386e-05
I,OR,0.00015086716848784074,0.00023365330273347187,0.9996082605874338,7.218941344965829e-06
I,OR,0.0053466259638453965,0.0004964498541962003,0.994093367691542,6.355649041653015e-05
I,OR,0.016177257771915688,0.00016238629553871415,0.9835081440193468,0.00015221191319878503
I,OR,0.000359366795015861,0.0014045539593328473,0.998223091955096,1.2987290555354724e-05
I,OR,0.00033042572806924315,0.0004882900784154389,0.9991734520253944,7.832168121123909e-06
I,OR,0.03711206901906857,0.005479827566207296,0.9573564262098129,5.167720491128411e-05
I,OR,0.004794468477264334,0.0017547050875198736,0.9929231318889905,0.0005276945462250442
I,OR,0.0019120342741167085,7.022014103000197e-05,0.9980115014186148,6.244166238486176e-06
I,OR,0.007141594317506876,0.0002948006992614281,0.9924904962303234,7.31087529084567e-05
I,OR,0.005612991778624957,7.334095764762697e-05,0.994299750404172,1.3916859555487871e-05
I,OR,0.00019533048279002393,5.904082371975424e-05,0.9997398402846026,5.788408887429305e-06
I,OR,0.00011179835629902234,1.922704454737168e-05,0.9998663391665145,2.6354326391312e-06
I,OR,0.0033734782644263767,9.063881824468805e-05,0.9965145058515846,2.1377065744327854e-05
I,OR,0.001767435077652084,9.26221132006948e-05,0.998123591993939,1.6350815208193577e-05
I,OR,0.0022879852649224505,0.002103424478993707,0.9952653792094116,0.0003432110466723295
I,OR,0.025082401237089807,0.005155276548013353,0.9682623346254975,0.0014999875893991798
I,OR,0.05402478900023469,0.006842071544988179,0.9389909370996116,0.00014220235516551223
I,OR,3.916612505244861e-05,0.00017317125031730845,0.9997853487098934,2.3139147366779085e-06
I,OR,0.0043195932526117,0.0008934130319271906,0.9947499379809506,3.705573451058138e-05
I,OR,0.00017003660778126516,0.0004455929185015874,0.9993794731950042,4.897278713014994e-06
I,OR,0.008965923263211712,0.005357669322546218,0.9856435913671913,3.281604705093399e-05
I,OR,0.0012692730027091459,0.0002654748473907501,0.9983116254279844,0.000153626721915659
I,OR,0.008230100071149115,0.0010422760960723033,0.988504540213745,0.002223083619033544
I,OR,0.17236445856666707,0.25526180604724386,0.5627918189920436,0.00958191639404546
J,OR,1.1538048551285175e-07,1.3786692502127727e-07,0.9999997428847652,3.867824256078981e-09
J,OR,4.7169366209300764e-08,6.296584895497691e-07,0.9999993130622278,1.0109916352068095e-08
J,OR,3.2112916572970154e-08,3.532786602204092e-09,0.9999999618359255,2.518371277354771e-09
J,OR,4.8259372647169013e-08,2.2256263339875783e-07,0.9999997225648415,6.613152431812421e-09
J,OR,5.6894502872846966e-08,9.740585301893502e-07,0.9999989517836753,1.7263291731264253e-08
J,OR,1.9908318709505936e-08,2.5591792169520113e-07,0.9999997183556071,5.818152437440024e-09
J,OR,5.898458219721439e-07,5.260672710765175e-07,0.9999988735919689,1.0494937916201675e-08
J,OR,2.3111780220504687e-08,8.584991803847085e-07,0.9999991088680341,9.52100536343297e-09
J,OR,2.828119817049682e-08,3.595971769049806e-07,0.9999996088417307,3.2798941404081394e-09
J,OR,1.2458060253532385e-07,1.3248879239891162e-07,0.9999997356279668,7.3026383875954405e-09
J,OR,6.646320518968519e-08,5.662157599669812e-07,0.9999993609727096,6.34832512740954e-09
J,OR,7.741872708938704e-06,8.408524160063512e-05,0.999908084518523,8.836716726875836e-08
J,OR,6.683134256317013e-08,1.3828255340864293e-07,0.9999997917506734,3.135430496069258e-09
J,OR,3.2646178828523e-07,1.87764332870993e-07,0.9999994549056077,3.0868271169103496e-08
J,OR,2.397881361105336e-08,1.8336462452401644e-07,0.999999789206701,3.449860842045813e-09
J,OR,2.1604142658173788e-08,3.054605264378345e-07,0.9999996674348639,5.50046699908314e-09
J,OR,8.709791782776467e-07,1.9769237959050216e-07,0.9999989183652971,1.296314501828429e-08
J,OR,7.4796710855031e-08,7.916963690914253e-08,0.9999998312047692,1.4828883195929387e-08
J,OR,5.015860918490332e-07,1.4505402481183212e-06,0.9999980286255418,1.9248118150067285e-08
J,OR,2.5740414023231484e-08,2.5107859907881747e-07,0.9999997164683643,6.712622499719396e-09
J,OR,1.1640858846392737e-05,7.315648743973783e-06,0.9999809529261118,9.05662977174687e-08
J,OR,4.975850221414622e-07,3.0626227026380727e-07,0.9999984345824764,7.615702311267313e-07
J,OR,6.043778252239168e-08,2.5389877067065857e-08,0.9999999080966739,6.075666544786489e-09
J,OR,6.171486305304131e-08,5.865039225299943e-07,0.9999993422892361,9.49197834964439e-09
J,OR,1.0640523992918229e-07,8.916077465931557e-08,0.9999998009786092,3.4553762077402596e-09
J,OR,4.349158103304665e-08,3.7270028233102584e-07,0.9999995766272061,7.1809305585043375e-09
J,OR,4.211494261280006e-07,1.6309082934810646e-06,0.9999979138767477,3.406553257000757e-08
J,OR,2.035157803968486e-08,7.046307993266389e-07,0.9999992651734555,9.844167069632758e-09
J,OR,6.744105472627804e-07,3.2185003112970477e-07,0.9999989974946282,6.244793390300743e-09
J,OR,4.2370936470911304e-08,8.061829130892764e-08,0.9999998708562006,6.1545715419827854e-09
J,OR,8.844018047367235e-08,7.942617418496967e-07,0.9999991053094828,1.1988594914967506e-08
K,IR,0.0006126938797431516,0.7013838774100446,0.29798042792307444,2.300078713789771e-05
K,OR,0.004218033144347817,0.0029424450293799214,0.9928119453310049,2.757649526732896e-05
K,OR,0.002424256027679089,0.020407084146067865,0.9771381995072831,3.0460318969980596e-05
K,OR,0.0009404147993135771,0.07230812991239419,0.9267315163020658,1.9938986226371563e-05
K,OR,1.4325474209648448e-06,0.00023862339580514052,0.9997597793828897,1.6467388423412339e-07
K,OR,4.859581803849524e-06,0.0010089010110508883,0.9989860082261613,2.311809839164202e-07
K,OR,0.00029412555186212924,0.008256296825848136,0.9914421648963262,7.412725963423543e-06
K,OR,0.33812098004501423,0.05269084389379012,0.609125341172235,6.283488896068785e-05
K,IR,0.07941142565931342,0.5964239612385143,0.3240881381252518,7.647497692044084e-05
K,OR,1.9842406686504437e-05,0.009219552752727156,0.9907570234862769,3.581354309338995e-06
K,OR,6.136537174356106e-05,0.17216677737352665,0.8277612968100566,1.0560444673173084e-05
K,OR,0.0006685570042758973,0.00946693936865647,0.9898555037090282,8.999918039311772e-06
K,OR,0.000570343785895709,0.0008274801229633088,0.9986014151719846,7.609191563644899e-07
K,OR,0.0017990853461810415,0.0009383406050043795,0.9972612439130051,1.330135809406741e-06
K,OR,0.00028042780065744445,0.010053713952141056,0.9896651952404782,6.630067232048684e-07
K,OR,0.0015326258050120099,0.02495586152654614,0.9735021700469387,9.342621503052671e-06
K,OR,3.217173080487068e-05,0.0010051431349882552,0.9989622159724623,4.6916174456317307e-07
K,OR,0.0008227268508014046,0.00040506492708672093,0.9987714101418134,7.980802985372823e-07
K,B,0.5384243883879022,0.12028279709421247,0.3412729602668472,1.9854251038028157e-05
K,B,0.4906546813548154,0.1995833174817309,0.3096960460408628,6.595512259097729e-05
K,IR,0.0010549829507003838,0.6250261692230846,0.3738316561896152,8.719163659966393e-05
K,OR,0.0009369973563969145,0.0001879091754764762,0.9988740498400026,1.0436281240672553e-06
K,OR,0.00035718503603849846,0.00862892682008935,0.9910057121468936,8.17599697842269e-06
K,OR,0.007215676835369518,0.012954150424762521,0.9797457195641129,8.445317575495757e-05
K,OR,3.160009371044046e-06,3.461012661809431e-06,0.9999933324184734,4.65594937308845e-08
K,OR,4.760604529622289e-06,9.911865256460465e-06,0.9999850141396948,3.1339051915064365e-07
K,OR,0.0001235465625537747,0.03622589094170185,0.9636497865487995,7.759469447269986e-07
K,OR,0.0004404886217742878,0.16348652513711906,0.8360646775217178,8.308719388751405e-06
K,OR,0.000563189805795934,0.00011003750770379603,0.9993263291993009,4.4348719936487274e-07
K,OR,0.000992663845043794,0.004051097254009056,0.994950017545629,6.22135531823726e-06
K,OR,3.6041231962549886e-05,0.00033677865250229377,0.9996270122117055,1.6790382974914522e-07
L,OR,0.0013888919392527146,0.011425839075973665,0.9871507151064598,3.4553878313944645e-05
L,OR,0.09416153705517138,0.006083586617308226,0.8997259529732133,2.8923354306963706e-05
L,B,0.6617911875376649,0.0004983778092650153,0.33755103963521566,0.00015939501785443232
L,B,0.9861747091140362,8.27481163245897e-06,0.013814002854245652,3.0132200857209857e-06
L,B,0.9334961485687487,0.001573627651756986,0.06490622818075556,2.3995598738821296e-05
L,B,0.7822891949058705,0.0004633988231341555,0.21723451734435928,1.2888926636147882e-05
L,IR,0.16661571472988093,0.8299246297601487,0.003459216497440845,4.390125296033195e-07
L,B,0.9964863479984698,0.001393443031759136,0.002119763377293803,4.455924772309e-07
L,OR,2.4056109926576685e-06,5.008248497243641e-06,0.9999925256559374,6.048457267517155e-08
L,OR,0.007079972417866873,0.005379584609788178,0.9875377395469417,2.7034254033647033e-06
L,OR,5.203896727827934e-05,6.344370016979246e-05,0.9998833781812937,1.1391512582776418e-06
L,B,0.8506213598581607,0.004145924051505814,0.1452128548033616,1.9861286971701998e-05
L,B,0.9382838976429064,0.00759976356312559,0.0541039905910477,1.2348202920380209e-05
L,OR,0.000819703825991147,0.00043819294483613675,0.9987419078569848,1.9537218801093282e-07
L,OR,0.03433488700573276,0.10489247751953218,0.860757785269478,1.4850205257164328e-05
L,IR,0.05508302820997557,0.8496442505908753,0.09526987236105755,2.848838091496073e-06
L,OR,0.16504192665101305,0.18916809169259513,0.6453467322035586,0.00044324945283319325
L,B,0.8659871958461983,0.021547053698216297,0.11241662671891545,4.912373666986484e-05
L,OR,0.0025984428646536237,0.0015514137078863446,0.9958482821316542,1.8612958058514384e-06
L,B,0.8487788808076155,0.0026839937482060045,0.14850909475659296,2.8030687585730425e-05
L,B,0.7046397551558164,0.047253762763953835,0.2480540685706262,5.241350960346908e-05
L,OR,0.00022037287434193608,0.003776050902894203,0.9959779412170217,2.5635005742233438e-05
L,OR,0.49073243583443893,0.00010430064196736795,0.5091558374123784,7.426111215433204e-06
L,B,0.700207587013703,0.0001157639339014239,0.29962484604993755,5.180300245787677e-05
L,B,0.9952664248371755,0.0005609736501022585,0.004168252901642961,4.348611079191596e-06
L,OR,0.07148411450553822,0.00023451308179317002,0.9282749956199816,6.376792686980324e-06
L,OR,5.07804213778849e-05,0.00025622501686400976,0.9996926817340829,3.1282767526819674e-07
L,OR,5.671598068655784e-05,9.298663004438475e-06,0.9999334711018137,5.142544952655492e-07
L,B,0.6750499299835662,0.004109980167731376,0.3206961208519064,0.0001439689967960837
L,OR,0.000138999940598143,0.0007134683739509515,0.9991463336822549,1.1980031959232797e-06
L,B,0.9949584092045768,0.0034268228280860697,0.0016080041832603456,6.7637840769783745e-06
M,OR,0.002528988936444467,0.018172503884029127,0.9790255351905033,0.0002729719890232
M,OR,3.2607327734969996e-05,0.0005135057230425693,0.9994451276463632,8.759302859193869e-06
M,OR,8.052273716622496e-06,0.0022049885802765267,0.9977852278139132,1.7313320936789773e-06
M,OR,3.716011496464642e-05,0.002940735923847018,0.9969877037466638,3.440021452447129e-05
M,OR,0.0002670320954510943,0.11898161980242736,0.8805332429598401,0.00021810514228125436
M,OR,6.823489510514648e-06,0.00046362478269785254,0.9995265225308798,3.0291969117282345e-06
M,OR,0.00015211849311930905,0.0016960998219297154,0.9981386761109003,1.3105574050556775e-05
M,OR,0.00014657579007517526,0.0022314508627021383,0.997616076873653,5.896473569661732e-06
M,OR,3.303412161823992e-05,0.0012136760157378287,0.9987428910707574,1.0398791886711638e-05
M,OR,0.000472824434271283,0.04140588447939965,0.9579716500982304,0.00014964098809861013
M,IR,0.000986705857330692,0.7769150714344999,0.22135172179778492,0.000746500910384417
M,OR,5.4007579866506516e-05,0.0005414852514411467,0.9993992160717898,5.291096902456956e-06
M,OR,2.1869399708932802e-06,0.00014883229071470912,0.9998486296518656,3.511174487785898e-07
M,OR,4.807658171994543e-06,8.603019715019988e-05,0.9999065372704905,2.6248741872881125e-06
M,OR,9.718194398289008e-06,0.001553038267995958,0.9984351413301764,2.102207429378673e-06
M,OR,6.548860750322618e-06,0.0006367104950592027,0.9993538592246322,2.8814195583769225e-06
M,OR,8.600665668448327e-08,8.554106128783136e-06,0.9999913182041752,4.1683039186946993e-08
M,OR,3.2884142954527534e-05,0.0005307380229211966,0.999433854868364,2.5229657603944295e-06
M,OR,0.0010777840655422312,0.0485201101776114,0.9503366319545791,6.547380226732182e-05
M,OR,1.1429001288658398e-05,0.00032032096121484483,0.9996650326555904,3.2173819061562514e-06
M,OR,0.00041302502494871575,0.022816973566857857,0.9767444432278864,2.5558180306881982e-05
M,OR,3.593142604613029e-05,0.008905504103462395,0.9910475979026263,1.0966567865054384e-05
M,OR,0.00013696073508714758,0.006396179883986034,0.9933413919721857,0.00012546740874107073
M,OR,0.0034558138495211417,0.014829761821095584,0.9815838811765502,0.00013054315283319074
M,OR,0.00020618957516351858,0.00028025023788774277,0.9995081441022803,5.416084668395643e-06
M,OR,0.0001219407771026285,0.0004481760597171162,0.9994252536790753,4.629484104842582e-06
M,OR,8.715743613751542e-06,8.123334001136172e-05,0.9999088845913677,1.166325007211049e-06
M,OR,0.0007900001234272602,0.0008524987645935427,0.9983439981839737,1.3502928005489567e-05
M,OR,8.737418979316706e-05,0.00020110064525826512,0.9997105968051275,9.283598210820337e-07
M,OR,0.0004206816760753839,0.0013608226137316044,0.9982031455438919,1.535016630103723e-05
M,OR,0.00035429121379285957,0.04490831346176961,0.9547096808606149,2.7714463822570598e-05
N,OR,0.005143227587076215,0.05023358644166078,0.9440955960192701,0.000527589951992875
N,OR,0.4771978408749455,0.03263382149573288,0.48897096170006327,0.0011973759292581555
N,OR,0.07344706623194262,0.027173252540714562,0.8992944491962499,8.523203109287044e-05
N,OR,0.0031516049226698877,0.0057460232057628315,0.9910800898639064,2.22820076609096e-05
N,OR,0.1825470735500715,0.3566477657716812,0.4596358444760262,0.0011693162022211032
N,B,0.9678449005201106,0.024081816867838873,0.007956389521503385,0.00011689309054702747
N,IR,0.014592167450357496,0.5647541030699806,0.42030961233298636,0.0003441171466753291
N,OR,0.09243367628827442,0.02450786166629989,0.8830296327817013,2.8829263724265595e-05
N,B,0.7305920916210239,0.042013817821127,0.22684879226866422,0.0005452982891849177
N,OR,0.21605427742498995,0.031406824379760216,0.7516436491966186,0.0008952489986311541
N,OR,0.009899135097248667,0.0966942411893665,0.8933917105092294,1.491320415538875e-05
N,OR,0.02428107695406651,0.015260465130768503,0.9604379256556698,2.0532259495219233e-05
N,B,0.963324098487447,0.01972117895291266,0.015333605721955973,0.0016211168376843517
N,OR,0.03532567451761557,0.10691178216954729,0.8570449142483887,0.0007176290644483939
N,OR,0.01604026288989408,0.024482891076231025,0.9594603926695487,1.6453364326150066e-05
N,OR,0.017451401698286902,0.0005121588924737731,0.9820310339736623,5.405435576981115e-06
N,OR,0.019491622847891937,0.21492808970343355,0.7646383738962867,0.000941913552387624
N,OR,0.041464015477675725,0.2939751830838834,0.6627695864105161,0.0017912150279247292
N,B,0.8155401065680953,0.00785069185024838,0.1762553502344896,0.0003538513471668095
N,OR,0.03078171205337338,0.1943707935582763,0.773708841449487,0.001138652938863266
N,IR,0.19945520863889662,0.5393663412271054,0.2610385412353556,0.00013990889864247237
N,OR,0.01528720746857972,0.1273736518736614,0.8573030962296406,3.6044428118208916e-05
N,OR,0.38764934130621587,0.20268847517682298,0.40483407836880514,0.004828105148155902
N,OR,0.37416652639201275,0.09732165958478665,0.5269255426453523,0.0015862713778483088
N,IR,0.40482519711936354,0.4918597003170477,0.09853555166694199,0.0047795508966469065
N,IR,0.003878011930547235,0.9958460088831625,0.00021995087134320755,5.602831494693848e-05
N,OR,0.001960569296792457,0.003646819814180438,0.994381706307548,1.090458147896171e-05
N,OR,0.0034008347393190913,0.008322692161596342,0.9882596317557917,1.68413432927912e-05
N,IR,0.013943842029364857,0.8252259339659037,0.1599892383211247,0.0008409856836066739
N,IR,0.048755884061115334,0.7573334427968929,0.1927629385140524,0.0011477346279395336
N,B,0.9117636857270878,0.008697753334098675,0.07926238454157182,0.0002761763972417364
O,IR,0.3578071470855332,0.5617694198039056,0.08004336794885258,0.0003800651617086798
O,IR,0.0033797550066240376,0.9337992447330532,0.06280454993241287,1.645032790994833e-05
O,IR,0.13994173753452646,0.680199790593268,0.17981765015800438,4.0821714201141804e-05
O,OR,0.2562623203579087,0.017810087872960817,0.7249835599892435,0.0009440317798870733
O,B,0.6035480088370527,0.2556879788496446,0.13985456922307096,0.0009094430902317384
O,IR,0.01758623729830577,0.9764214115877378,0.005955081918752058,3.7269195204248916e-05
O,IR,0.032768578796664366,0.9284707906379822,0.038692930946142075,6.769961921121677e-05
O,OR,0.11394547411771556,0.00566645163360231,0.8803615267953343,2.654745334788591e-05
O,B,0.5803903332241164,0.17238826838594032,0.2469793052915564,0.000242093098386796
O,OR,0.03735017246249031,0.00013469206362663958,0.9625114204379205,3.715035962439565e-06
O,B,0.8325897875737346,0.010333061132050491,0.15699485559406628,8.229570014866966e-05
O,B,0.5553922453446808,0.002973125132734768,0.44159857131274766,3.605820983674361e-05
O,OR,0.19373285573173418,0.005263451357846153,0.8009208855073447,8.280740307499863e-05
O,OR,0.05060288927802889,0.08704057339023047,0.8623470906420303,9.446689710341202e-06
O,IR,0.2677638663524869,0.5967661472575512,0.13525043495462985,0.00021955143533207837
O,OR,0.12754887295904538,0.34277160155183684,0.5295950801131802,8.444537593755005e-05
O,OR,0.20544871117431546,0.00014787194924386927,0.7944011595179408,2.2573584998875966e-06
O,B,0.9963883188710283,0.0007210859793084669,0.0028845440510420896,6.05109862124812e-06
O,B,0.8709713545876588,0.0054395544934442664,0.1235793617853443,9.729133552665134e-06
O,OR,0.31846643011268944,0.32740752143227814,0.3537627826091399,0.00036326584589241393
O,OR,0.004534019379559771,0.09824942242166966,0.8971733455629481,4.321263582255746e-05
O,B,0.623559142653964,0.2865133375390203,0.08989213720226444,3.538260475125045e-05
O,B,0.49821934219187053,0.03797718391254283,0.4636029276057615,0.00020054628982517166
O,B,0.8155763878636696,0.036856217936884594,0.1473806861442044,0.00018670805524127727
O,B,0.9875272716238752,0.011107891762339792,0.0013595200776117392,5.316536173026095e-06
O,OR,0.3937194100666389,0.014573266258931428,0.5916449615586142,6.236211581540495e-05
O,OR,0.001395596148666322,0.13529077697285294,0.86329415299286,1.9473885620826004e-05
O,B,0.9735015445178875,0.024344904602451152,0.0021428946529441907,1.065622671717877e-05
O,OR,0.008817150934081738,0.002725546711028263,0.9884393918724964,1.7910482393561836e-05
O,OR,0.0019191780548399047,0.329942678568611,0.6680883773285623,4.9766047986843175e-05
O,OR,0.07076988304182537,0.20136482329647523,0.7277291367400714,0.00013615692162785096
P,OR,9.354982536442349e-07,7.193461410046054e-07,0.9999983197912303,2.5364375121186127e-08
P,OR,1.1475475232118909e-05,1.3396167013016386e-05,0.9999748635012988,2.648564559915108e-07
P,OR,1.403929233390976e-07,1.367720388283693e-06,0.9999984642868686,2.759981987602219e-08
P,OR,3.5636570019060276e-09,9.147670278092186e-08,0.9999998907975404,1.4162099684344432e-08
P,OR,1.0394597994422763e-06,7.756682157400646e-08,0.9999988382083353,4.4765043729130105e-08
P,OR,6.741210101786737e-05,1.234208975253581e-05,0.9999179342464074,2.311562822118936e-06
P,OR,0.0001512486317927325,9.494419148121011e-07,0.999845816441276,1.985485016539624e-06
P,OR,1.8521977384763245e-08,2.3748484911487086e-08,0.999999951903955,5.825582740896601e-09
P,OR,2.862035802992507e-05,6.596303446897549e-07,0.9999706377969623,8.221466310253982e-08
P,OR,2.6360479677901275e-06,9.956673764675902e-07,0.9999963254148198,4.286983600833233e-08
P,OR,8.819688880690205e-06,7.678001576669066e-06,0.9999826642449199,8.38064622741128e-07
P,OR,1.204649632688033e-07,6.383051512901797e-07,0.999999217920165,2.330972046448428e-08
P,OR,0.0002990445877692464,2.385115047031949e-05,0.9996758966066775,1.207655082859573e-06
P,OR,0.009246168614961761,0.00013172240917218878,0.9906097966033628,1.2312372503201358e-05
P,OR,0.018262807734825526,6.702519900979839e-06,0.981729974783995,5.149612784488539e-07
P,OR,0.002625857178909704,1.566599783895592e-05,0.997357537801541,9.390217103009266e-07
P,OR,1.7925126780335015e-05,2.901842915968563e-05,0.9999524245019146,6.319421454919544e-07
P,OR,0.00022104563616641044,3.3947875046868386e-07,0.9997782541354323,3.6074965077023236e-07
P,B,0.7369109580554121,7.166636468717618e-05,0.26287847207392767,0.00013890350597300382
P,OR,4.232921154647169e-06,5.49185065009236e-08,0.9999956782384538,3.3921885018832405e-08
P,OR,4.005713666239015e-07,1.1123186001384681e-06,0.9999984213904185,6.571961490260487e-08
P,OR,2.854163127919349e-06,2.2780414586663056e-06,0.9999948385765021,2.9218911546161775e-08
P,OR,1.4317236221400163e-07,6.928530680560559e-07,0.9999989835446095,1.804299604092533e-07
P,OR,0.00013469440149477084,8.954958796569025e-06,0.9998462993879165,1.005125179208619e-05
P,OR,6.334339119183607e-05,4.4199143588538244e-05,0.9998686910938218,2.376637139794282e-05
P,OR,1.7089317596812946e-07,3.817910076156785e-07,0.9999991683404563,2.7897536010163424e-07
P,OR,0.00011773726281992475,3.646029890251222e-06,0.9998748501532114,3.766554078412405e-06
P,OR,4.853968252439349e-06,2.9017373470247176e-08,0.9999951033562671,1.3658107154119607e-08
P,OR,0.00034358639825967535,4.814873204577082e-06,0.9996493577798059,2.2409487298380756e-06
P,OR,0.00011612259041043306,2.2911622565753463e-06,0.999856544970704,2.5041276629019323e-05
P,OR,0.0038842563381321377,7.575741598700445e-06,0.9961045931576484,3.574762620801734e-06
