feature,ks_stat,ks_p,src_median,tgt_median,src_mean,tgt_mean,wasserstein
t_rms_rel,0.06342389602254933,0.054153207185018884,0.9999999999999957,0.9999999999999998,1.0035046874199571,0.9992429232296313,0.016629155622520594
t_std_rel,0.06342389602254933,0.054153207185018884,0.9999999999999957,0.9999999999999998,1.0035046874199571,0.9992429232296313,0.016629155622520597
t_var_rel,0.06342389602254933,0.054153207185018884,0.9999999999999819,1.0,1.0131753510008314,0.9994329767527177,0.034754286626762755
t_mean_abs_rel,0.07561854055746947,0.011934892675291993,0.9999999999999936,0.9999999999999999,1.0025988968057535,0.998877216674607,0.01374784905228396
o_shaft1,0.10896100845599749,4.925951431106829e-05,0.02413406161720725,0.02124271623759145,0.04425410568572203,0.04460129972136668,0.008238044039851702
t_p2p_rel,0.11053867835891011,3.616129561591682e-05,0.9999999999999996,1.0,1.0215917095110676,0.9985323685921194,0.05039646793337653
o_pk1_amp,0.11626605073598496,1.133879550888985e-05,0.051585256896643,0.0440282019666509,0.05539218246684132,0.053197292923189525,0.005177381354728485
t_peak_rel,0.13219151268399623,3.30506434597429e-07,0.9999999999999992,1.0,1.0215319791306927,0.9950212878353247,0.052535551827773114
o_pk0_amp,0.14811697463200751,6.0901136639326895e-09,0.08723949935900646,0.08423091291524534,0.10874656538364151,0.08491601910913268,0.025027575153328825
o_shaft3,0.1586713122455371,3.3481828669918883e-10,0.01033616818947345,0.0116110172093538,0.030256574866018,0.013863432185815285,0.017228970810501686
t_skewness,0.1650485436893204,5.2579117048198595e-11,0.017291337900406697,0.0023393457877566998,0.013617034494857426,-0.009491844404189395,0.03240297853857369
t_clearance,0.18483009708737863,1.0492018111294675e-13,8.393879174368937,8.639037904561048,11.285746619084472,15.09714819139551,3.8504223849979256
o_pk2_amp,0.19444096461008456,3.94470228683804e-15,0.036831061888762,0.032017794402053795,0.038767821200841705,0.04251480861036197,0.005574563562356287
t_impulse,0.19467976824303163,3.628041506129438e-15,6.819369033461894,7.252419011831618,8.675965539332916,11.535787117265023,2.850707530641838
t_kurtosis,0.20372690259943627,1.408274354050954e-16,1.6125452249234251,0.9010803485605019,4.7024857677489145,9.42562584275863,5.427324354808715
t_crest,0.21518947698089572,1.844293219410966e-18,4.959225105453855,5.639989059024725,5.7922795075823,7.279779201325506,1.4809613259188135
o_shaft21,0.21805512057626056,6.003668615692027e-19,0.6819332896056237,0.38450976459060715,3.284180489570691,2.8681982231654604,1.3890479989515552
t_shape,0.2185875352333229,4.865601788453036e-19,1.3348575028096503,1.2895240195673847,1.4297002414114144,1.4663810928187329,0.08258805861237163
o_pk3_amp,0.24425696836830568,1.0231717688668662e-23,0.027175576927466152,0.0249125878216125,0.028976708000493453,0.02821228103816193,0.003928540626497825
o_bandfrac0,0.25679611650485434,3.366667197437398e-26,0.1281075289805217,0.0707394110254912,0.1443233339974417,0.09896559837699631,0.04547924764219846
o_pk4_amp,0.2753131850923896,4.1740987709524015e-30,0.02140611647940275,0.0222106713670853,0.02352069045083125,0.024166199182031934,0.003217899879350686
o_shaft2,0.2883612590040714,4.940822942908587e-33,0.0184922367798894,0.0085543362238601,0.027829518045813444,0.01375019557300853,0.014119231158179577
o_pk5_amp,0.3319487942373943,7.138007346728315e-44,0.0173550119532746,0.020309020895195498,0.019092373997521454,0.021286497580175156,0.003019534611839736
o_pk6_amp,0.37425227059191984,5.268142897290903e-56,0.0147505193162253,0.01836633547187495,0.016144318211103202,0.01834978817500612,0.0035129221772424533
o_bandfrac3,0.380633416849358,5.6126657431941144e-58,0.1945356272553368,0.2818774874726455,0.19431614669375777,0.2783356797053311,0.08403029700164161
o_pk6_order,0.3964492640150329,4.992660504840208e-63,4.605800214822772,10.098302008112892,6.167559401503023,12.790208955476388,6.616742890833145
o_pk7_order,0.40032101471969933,2.6576732897325135e-64,5.10604686723645,9.77416734362307,6.406448969092644,12.604958457974693,6.192087300496071
o_pk7_amp,0.4315808017538365,4.181365388096537e-75,0.01293893773823865,0.016828900084647297,0.013567545383855949,0.01665919777035201,0.0034088863295484544
o_pk3_order,0.4371554963983714,3.918528726822491e-77,3.965217391304348,11.121440703893992,5.461937725735788,11.408979084301054,5.942657039651408
o_pk0_order,0.44962809270278736,8.793919871132218e-82,3.555555555555556,4.679122664500406,3.176730966770547,6.467102722746484,3.55998188170684
o_pk4_order,0.4585812715314751,3.2556408010160125e-85,4.058124457637965,9.878147847278635,5.917902197248487,12.053534767827758,6.129048581697198
o_gini,0.4781122768556217,5.401545684470977e-93,0.7781652494550783,0.5933608904607888,0.7766453466865206,0.608416554724329,0.16822011275523996
o_entropy,0.4790714062010648,2.180214184993572e-93,4.660505228240539,4.340370333098862,4.524569999246377,4.2472803066066005,0.41428399955376954
o_pk5_order,0.4927497651111807,4.336827845332032e-99,4.393353309724871,12.299674267100976,6.2128428809160745,13.384189863058785,7.167091765016272
o_pk2_order,0.5170333542123395,1.0276056684265411e-109,2.976744186046512,10.423452768729645,4.952907033826164,12.834483541555821,7.882480643704241
o_bandfrac1,0.5525681177575947,1.751255352162569e-126,0.1318402724634723,0.05246641943360095,0.14701774155533995,0.06213673127762822,0.08494673646993986
o_pk2_ratio,0.5655574694644535,5.5225398023978796e-133,74.47072351693973,8.794147313047276,712.1147363480507,17.78128131760211,694.3944361117145
o_pk1_ratio,0.605633416849358,2.06988539479943e-154,102.83950565740341,12.23060636756598,993.5919134685727,22.034894096356243,971.6161765097961
o_pk0_ratio,0.6129267146883808,1.5224581391086264e-158,202.5175613493176,24.183456927574337,1664.5314644270916,35.64852407086299,1628.9673203918762
o_pk1_order,0.6292084246789853,4.932942750277417e-168,2.405638214565388,11.021933387489844,3.6881435914987986,11.459474430123677,7.762919742691127
o_kurtosis,0.6415009395552772,1.8920885065938496e-175,79.32515375113127,24.36664631904312,101.8229280481321,23.665297573794003,78.18715606689508
o_crest,0.6707641716254307,4.643128325983734e-194,40.25124431195697,13.065540526996218,50.369892143729516,12.972942232869203,37.40622799939054
o_pk3_ratio,0.6931608205449421,3.0173120130242036e-209,55.291207296433484,6.924303998142564,567.9791769595141,10.648814468070634,557.3514460000105
o_pk4_ratio,0.7150563733166301,5.620996423075288e-225,42.86627216820012,6.230071026900793,473.8423471438167,8.909182010670204,464.95028277261633
o_bandfrac4,0.7276581584716567,1.8872255092033554e-234,0.21142526719869253,0.46697520093429223,0.2122034950493103,0.4680406891809635,0.25579923796026643
o_pk5_ratio,0.7427458502975258,3.1815776235717883e-246,33.922739518718316,5.65912366849643,398.55151533904336,7.71397780355752,390.85172675612216
o_pk6_ratio,0.8086047604134043,3.5779112394147843e-304,27.976245912973027,5.1149694329946485,339.28459950514326,6.443869017839509,332.85192600375564
o_pk7_ratio,0.8225571562793611,4.44734e-318,23.848444209464574,4.696344837558003,278.534400294241,5.780850362482151,272.76184285694563
o_bandfrac2,0.8630402442843721,7.76e-322,0.28693792634773974,0.08371904495668281,0.30208212764619213,0.0916218450231813,0.21051958872771673
